{
    "robot": [
        {
            "id": 1,
            "puid": 1000001,
            "name": "梦里花落知多少",
            "age": 12,
            "sex": 1,
            "city": "北京",
            "profile": "老师",
            "chats": [
                {
                    "friendId": 2000001,
                    "friendName": "好友1",
                    "age" : 19,
                    "sex" : 2,
                    "chatContent": [
                        {"id": 2000001, "chat": "你是谁?"},
                        {"id": 12, "chat": "我是你爹"}
                    ]
                },
                {
                    "friendId": 2000002,
                    "friendName": "好友2",
                    "age" : 19,
                    "sex" : 2,
                    "chatContent": [
                        {"id": 2000002, "chat": "你是谁?"},
                        {"id": 12, "chat": "我是你爹"}
                    ]
                },
                {
                    "friendId": 2000003,
                    "friendName": "好友3",
                    "age" : 19,
                    "sex" : 1,
                    "chatContent": [
                        {"id": 2000003, "chat": "你是谁?"},
                        {"id": 12, "chat": "我是你爹"}
                    ]
                },
                {
                    "friendId": 2000004,
                    "friendName": "好友4",
                    "age" : 19,
                    "sex" : 2,
                    "chatContent": [
                        {"id": 2000004, "chat": "你是谁?"},
                        {"id": 12, "chat": "我是你爹"}
                    ]
                },
                {
                    "friendId": 2000005,
                    "friendName": "好友5",
                    "age" : 19,
                    "sex" : 1,
                    "chatContent": [
                        {"id": 2000005, "chat": "你是谁?"},
                        {"id": 12, "chat": "我是你爹"}
                    ]
                },
                {
                    "friendId": 2000006,
                    "friendName": "好友6",
                    "age" : 19,
                    "sex" : 2,
                    "chatContent": [
                        {"id": 2000006, "chat": "你是谁?"},
                        {"id": 12, "chat": "我是你爹"}
                    ]
                }
            ]
        },
        {
            "id": 2,
            "puid": 1000002,
            "name": "Robot2",
            "age": 32,
            "sex": 2,
            "city": "上海",
            "profile": "设计师",
            "chats": [
                {
                    "friendId": 2000001,
                    "friendName": "好友1",
                    "age" : 19,
                    "sex" : 2,
                    "chatContent": [
                        {"id": 2000001, "chat": "你是谁?"},
                        {"id": 12, "chat": "我是你爹"}
                    ]
                },
                {
                    "friendId": 2000002,
                    "friendName": "好友2",
                    "age" : 19,
                    "sex" : 1,
                    "chatContent": [
                        {"id": 2000002, "chat": "你是谁?"},
                        {"id": 12, "chat": "我是你爹"}
                    ]
                },
                {
                    "friendId": 2000003,
                    "friendName": "好友3",
                    "age" : 19,
                    "sex" : 1,
                    "chatContent": [
                        {"id": 2000003, "chat": "你是谁?"},
                        {"id": 12, "chat": "我是你爹"}
                    ]
                },
                {
                    "friendId": 2000004,
                    "friendName": "好友4",
                    "age" : 19,
                    "sex" : 2,
                    "chatContent": [
                        {"id": 2000004, "chat": "你是谁?"},
                        {"id": 12, "chat": "我是你爹"}
                    ]
                }
            ]
        },
        {
            "id": 3,
            "puid": 1000003,
            "name": "Robot3",
            "age": 16,
            "sex": 2,
            "city": "天津",
            "profile": "大学生",
            "chats": [
                {
                    "friendId": 2000001,
                    "friendName": "好友1",
                    "age" : 19,
                    "sex" : 2,
                    "chatContent": [
                        {"id": 2000001, "chat": "你是谁?"},
                        {"id": 12, "chat": "我是你爹"}
                    ]
                },
                {
                    "friendId": 2000002,
                    "friendName": "好友2",
                    "age" : 19,
                    "sex" : 1,
                    "chatContent": [
                        {"id": 2000002, "chat": "你是谁?"},
                        {"id": 12, "chat": "我是你爹"}
                    ]
                },
                {
                    "friendId": 2000003,
                    "friendName": "好友3",
                    "age" : 19,
                    "sex" : 1,
                    "chatContent": [
                        {"id": 2000003, "chat": "你是谁?"},
                        {"id": 12, "chat": "我是你爹"}
                    ]
                },
                {
                    "friendId": 2000004,
                    "friendName": "好友4",
                    "age" : 19,
                    "sex" : 2,
                    "chatContent": [
                        {"id": 2000004, "chat": "你是谁?"},
                        {"id": 12, "chat": "我是你爹"}
                    ]
                }
            ]
        }
    ],
    "robot2": [
        {
            "id": 1,
            "puid": 1000001,
            "name": "梦里花落知多少",
            "age": 12,
            "sex": 1,
            "city": "北京",
            "profile": "老师",
            "chats": [
                {
                    "friendId": 2000001,
                    "friendName": "好友1",
                    "age" : 19,
                    "sex" : 2,
                    "chatContent": [
                        {"id": 2000001, "chat": "你是谁?"},
                        {"id": 12, "chat": "我是你爹"}
                    ]
                },
                {
                    "friendId": 2000002,
                    "friendName": "好友2",
                    "age" : 19,
                    "sex" : 2,
                    "chatContent": [
                        {"id": 2000002, "chat": "你是谁?"},
                        {"id": 12, "chat": "我是你爹"}
                    ]
                },
                {
                    "friendId": 2000003,
                    "friendName": "好友3",
                    "age" : 19,
                    "sex" : 2,
                    "chatContent": [
                        {"id": 2000003, "chat": "你是谁?"},
                        {"id": 12, "chat": "我是你爹"}
                    ]
                },
                {
                    "friendId": 2000004,
                    "friendName": "好友4",
                    "age" : 19,
                    "sex" : 2,
                    "chatContent": [
                        {"id": 2000004, "chat": "你是谁?"},
                        {"id": 12, "chat": "我是你爹"}
                    ]
                },
                {
                    "friendId": 2000005,
                    "friendName": "好友5",
                    "age" : 19,
                    "sex" : 2,
                    "chatContent": [
                        {"id": 2000005, "chat": "你是谁?"},
                        {"id": 12, "chat": "我是你爹"}
                    ]
                },
                {
                    "friendId": 2000006,
                    "friendName": "好友6",
                    "age" : 19,
                    "sex" : 2,
                    "chatContent": [
                        {"id": 123, "chat": "你是谁?"},
                        {"id": 12, "chat": "我是你爹"}
                    ]
                },
                {
                    "friendId": 2000007,
                    "friendName": "好友7",
                    "age" : 19,
                    "sex" : 2,
                    "chatContent": [
                        {"id": 123, "chat": "你是谁?"},
                        {"id": 12, "chat": "我是你爹"}
                    ]
                },
                {
                    "friendId": 2000008,
                    "friendName": "好友8",
                    "age" : 19,
                    "sex" : 2,
                    "chatContent": [
                        {"id": 123, "chat": "你是谁?"},
                        {"id": 12, "chat": "我是你爹"}
                    ]
                },
                {
                    "friendId": 2000009,
                    "friendName": "好友9",
                    "age" : 19,
                    "sex" : 2,
                    "chatContent": [
                        {"id": 123, "chat": "你是谁?"},
                        {"id": 12, "chat": "我是你爹"}
                    ]
                },
                {
                    "friendId": 2000010,
                    "friendName": "好友10",
                    "age" : 19,
                    "sex" : 2,
                    "chatContent": [
                        {"id": 123, "chat": "你是谁?"},
                        {"id": 12, "chat": "我是你爹"}
                    ]
                },
                {
                    "friendId": 2000011,
                    "friendName": "好友11",
                    "age" : 19,
                    "sex" : 2,
                    "chatContent": [
                        {"id": 123, "chat": "你是谁?"},
                        {"id": 12, "chat": "我是你爹"}
                    ]
                },
                {
                    "friendId": 2000012,
                    "friendName": "好友12",
                    "age" : 19,
                    "sex" : 2,
                    "chatContent": [
                        {"id": 123, "chat": "你是谁?"},
                        {"id": 12, "chat": "我是你爹"}
                    ]
                },
                {
                    "friendId": 2000013,
                    "friendName": "好友13",
                    "age" : 19,
                    "sex" : 2,
                    "chatContent": [
                        {"id": 123, "chat": "你是谁?"},
                        {"id": 12, "chat": "我是你爹"}
                    ]
                },
                {
                    "friendId": 2000014,
                    "friendName": "好友14",
                    "age" : 19,
                    "sex" : 2,
                    "chatContent": [
                        {"id": 123, "chat": "你是谁?"},
                        {"id": 12, "chat": "我是你爹"}
                    ]
                },
                {
                    "friendId": 2000015,
                    "friendName": "好友15",
                    "age" : 19,
                    "sex" : 2,
                    "chatContent": [
                        {"id": 123, "chat": "你是谁?"},
                        {"id": 12, "chat": "我是你爹"}
                    ]
                },
                {
                    "friendId": 2000016,
                    "friendName": "好友16",
                    "age" : 19,
                    "sex" : 2,
                    "chatContent": [
                        {"id": 123, "chat": "你是谁?"},
                        {"id": 12, "chat": "我是你爹"}
                    ]
                },
                {
                    "friendId": 2000017,
                    "friendName": "好友17",
                    "age" : 19,
                    "sex" : 2,
                    "chatContent": [
                        {"id": 123, "chat": "你是谁?"},
                        {"id": 12, "chat": "我是你爹"}
                    ]
                },
                {
                    "friendId": 2000018,
                    "friendName": "好友18",
                    "age" : 19,
                    "sex" : 2,
                    "chatContent": [
                        {"id": 123, "chat": "你是谁?"},
                        {"id": 12, "chat": "我是你爹"}
                    ]
                },
                {
                    "friendId": 2000019,
                    "friendName": "好友19",
                    "age" : 19,
                    "sex" : 2,
                    "chatContent": [
                        {"id": 123, "chat": "你是谁?"},
                        {"id": 12, "chat": "我是你爹"}
                    ]
                },
                {
                    "friendId": 2000020,
                    "friendName": "好友20",
                    "age" : 19,
                    "sex" : 2,
                    "chatContent": [
                        {"id": 123, "chat": "你是谁?"},
                        {"id": 12, "chat": "我是你爹"}
                    ]
                },
                {
                    "friendId": 2000021,
                    "friendName": "好友21",
                    "age" : 19,
                    "sex" : 2,
                    "chatContent": [
                        {"id": 123, "chat": "你是谁?"},
                        {"id": 12, "chat": "我是你爹"}
                    ]
                },
                {
                    "friendId": 2000022,
                    "friendName": "好友22",
                    "age" : 19,
                    "sex" : 2,
                    "chatContent": [
                        {"id": 123, "chat": "你是谁?"},
                        {"id": 12, "chat": "我是你爹"}
                    ]
                },
                {
                    "friendId": 2000023,
                    "friendName": "好友23",
                    "age" : 19,
                    "sex" : 2,
                    "chatContent": [
                        {"id": 123, "chat": "你是谁?"},
                        {"id": 12, "chat": "我是你爹"}
                    ]
                },
                {
                    "friendId": 2000024,
                    "friendName": "好友24",
                    "age" : 19,
                    "sex" : 2,
                    "chatContent": [
                        {"id": 123, "chat": "你是谁?"},
                        {"id": 12, "chat": "我是你爹"}
                    ]
                }
            ]
        },
        {
            "id": 2,
            "puid": 1000002,
            "name": "Robot2",
            "age": 32,
            "sex": 2,
            "city": "上海",
            "profile": "设计师",
            "chats": [
                {
                    "friendId": 2000001,
                    "friendName": "好友1",
                    "age" : 19,
                    "sex" : 2,
                    "chatContent": [
                        {"id": 123, "chat": "你是谁?"},
                        {"id": 12, "chat": "我是你爹"}
                    ]
                },
                {
                    "friendId": 2000002,
                    "friendName": "好友2",
                    "age" : 19,
                    "sex" : 2,
                    "chatContent": [
                        {"id": 123, "chat": "你是谁?"},
                        {"id": 12, "chat": "我是你爹"}
                    ]
                },
                {
                    "friendId": 2000003,
                    "friendName": "好友3",
                    "age" : 19,
                    "sex" : 2,
                    "chatContent": [
                        {"id": 123, "chat": "你是谁?"},
                        {"id": 12, "chat": "我是你爹"}
                    ]
                },
                {
                    "friendId": 2000004,
                    "friendName": "好友4",
                    "age" : 19,
                    "sex" : 2,
                    "chatContent": [
                        {"id": 123, "chat": "你是谁?"},
                        {"id": 12, "chat": "我是你爹"}
                    ]
                }
            ]
        },
        {
            "id": 3,
            "puid": 1000003,
            "name": "Robot3",
            "age": 16,
            "sex": 2,
            "city": "天津",
            "profile": "大学生",
            "chats": [
                {
                    "friendId": 2000001,
                    "friendName": "好友1",
                    "age" : 19,
                    "sex" : 2,
                    "chatContent": [
                        {"id": 123, "chat": "你是谁?"},
                        {"id": 12, "chat": "我是你爹"}
                    ]
                },
                {
                    "friendId": 2000002,
                    "friendName": "好友2",
                    "age" : 19,
                    "sex" : 2,
                    "chatContent": [
                        {"id": 123, "chat": "你是谁?"},
                        {"id": 12, "chat": "我是你爹"}
                    ]
                },
                {
                    "friendId": 2000003,
                    "friendName": "好友3",
                    "age" : 19,
                    "sex" : 2,
                    "chatContent": [
                        {"id": 123, "chat": "你是谁?"},
                        {"id": 12, "chat": "我是你爹"}
                    ]
                },
                {
                    "friendId": 2000004,
                    "friendName": "好友4",
                    "age" : 19,
                    "sex" : 2,
                    "chatContent": [
                        {"id": 123, "chat": "你是谁?"},
                        {"id": 12, "chat": "我是你爹"}
                    ]
                }
            ]
        },
        {
            "id": 4,
            "puid": 1000004,
            "name": "Robot4",
            "age": 34,
            "sex": 2,
            "city": "成都",
            "profile": "家庭主妇",
            "chats": [
                {
                    "friendId": 2000001,
                    "friendName": "好友1",
                    "age" : 19,
                    "sex" : 2,
                    "chatContent": [
                        {"id": 123, "chat": "你是谁?"},
                        {"id": 12, "chat": "我是你爹"}
                    ]
                },
                {
                    "friendId": 2000002,
                    "friendName": "好友2",
                    "age" : 19,
                    "sex" : 2,
                    "chatContent": [
                        {"id": 123, "chat": "你是谁?"},
                        {"id": 12, "chat": "我是你爹"}
                    ]
                },
                {
                    "friendId": 2000003,
                    "friendName": "好友3",
                    "age" : 19,
                    "sex" : 2,
                    "chatContent": [
                        {"id": 123, "chat": "你是谁?"},
                        {"id": 12, "chat": "我是你爹"}
                    ]
                },
                {
                    "friendId": 2000004,
                    "friendName": "好友4",
                    "age" : 19,
                    "sex" : 2,
                    "chatContent": [
                        {"id": 123, "chat": "你是谁?"},
                        {"id": 12, "chat": "我是你爹"}
                    ]
                }
            ]
        },
        {
            "id": 5,
            "puid": 1000005,
            "name": "Robot5",
            "age": 24,
            "sex": 2,
            "city": "上海",
            "profile": "运营",
            "chats": [
                {
                    "friendId": 2000001,
                    "friendName": "好友1",
                    "age" : 19,
                    "sex" : 2,
                    "chatContent": [
                        {"id": 123, "chat": "你是谁?"},
                        {"id": 12, "chat": "我是你爹"}
                    ]
                },
                {
                    "friendId": 2000002,
                    "friendName": "好友2",
                    "age" : 19,
                    "sex" : 2,
                    "chatContent": [
                        {"id": 123, "chat": "你是谁?"},
                        {"id": 12, "chat": "我是你爹"}
                    ]
                },
                {
                    "friendId": 2000003,
                    "friendName": "好友3",
                    "age" : 19,
                    "sex" : 2,
                    "chatContent": [
                        {"id": 123, "chat": "你是谁?"},
                        {"id": 12, "chat": "我是你爹"}
                    ]
                },
                {
                    "friendId": 2000004,
                    "friendName": "好友4",
                    "age" : 19,
                    "sex" : 2,
                    "chatContent": [
                        {"id": 123, "chat": "你是谁?"},
                        {"id": 12, "chat": "我是你爹"}
                    ]
                }
            ]
        },
        {
            "id": 6,
            "puid": 1000006,
            "name": "Robot6",
            "age": 19,
            "sex": 2,
            "city": "杭州",
            "profile": "动画配音",
            "chats": [
                {
                    "friendId": 2000001,
                    "friendName": "好友1",
                    "age" : 19,
                    "sex" : 2,
                    "chatContent": [
                        {"id": 123, "chat": "你是谁?"},
                        {"id": 12, "chat": "我是你爹"}
                    ]
                },
                {
                    "friendId": 2000002,
                    "friendName": "好友2",
                    "age" : 19,
                    "sex" : 2,
                    "chatContent": [
                        {"id": 123, "chat": "你是谁?"},
                        {"id": 12, "chat": "我是你爹"}
                    ]
                },
                {
                    "friendId": 2000003,
                    "friendName": "好友3",
                    "age" : 19,
                    "sex" : 2,
                    "chatContent": [
                        {"id": 123, "chat": "你是谁?"},
                        {"id": 12, "chat": "我是你爹"}
                    ]
                },
                {
                    "friendId": 2000004,
                    "friendName": "好友4",
                    "age" : 19,
                    "sex" : 2,
                    "chatContent": [
                        {"id": 123, "chat": "你是谁?"},
                        {"id": 12, "chat": "我是你爹"}
                    ]
                }
            ]
        },
        {
            "id": 7,
            "puid": 1000007,
            "name": "Robot7",
            "age": 43,
            "sex": 1,
            "city": "太原",
            "profile": "画家",
            "chats": [
                {
                    "friendId": 2000001,
                    "friendName": "好友1",
                    "age" : 19,
                    "sex" : 2,
                    "chatContent": [
                        {"id": 123, "chat": "你是谁?"},
                        {"id": 12, "chat": "我是你爹"}
                    ]
                },
                {
                    "friendId": 2000002,
                    "friendName": "好友2",
                    "age" : 19,
                    "sex" : 2,
                    "chatContent": [
                        {"id": 123, "chat": "你是谁?"},
                        {"id": 12, "chat": "我是你爹"}
                    ]
                },
                {
                    "friendId": 2000003,
                    "friendName": "好友3",
                    "age" : 19,
                    "sex" : 2,
                    "chatContent": [
                        {"id": 123, "chat": "你是谁?"},
                        {"id": 12, "chat": "我是你爹"}
                    ]
                },
                {
                    "friendId": 2000004,
                    "friendName": "好友4",
                    "age" : 19,
                    "sex" : 2,
                    "chatContent": [
                        {"id": 123, "chat": "你是谁?"},
                        {"id": 12, "chat": "我是你爹"}
                    ]
                }
            ]
        },
        {
            "id": 8,
            "puid": 1000008,
            "name": "Robot8",
            "age": 28,
            "sex": 2,
            "city": "黑龙江",
            "profile": "护士",
            "chats": [
                {
                    "friendId": 2000001,
                    "friendName": "好友1",
                    "age" : 19,
                    "sex" : 2,
                    "chatContent": [
                        {"id": 123, "chat": "你是谁?"},
                        {"id": 12, "chat": "我是你爹"}
                    ]
                },
                {
                    "friendId": 2000002,
                    "friendName": "好友2",
                    "age" : 19,
                    "sex" : 2,
                    "chatContent": [
                        {"id": 123, "chat": "你是谁?"},
                        {"id": 12, "chat": "我是你爹"}
                    ]
                },
                {
                    "friendId": 2000003,
                    "friendName": "好友3",
                    "age" : 19,
                    "sex" : 2,
                    "chatContent": [
                        {"id": 123, "chat": "你是谁?"},
                        {"id": 12, "chat": "我是你爹"}
                    ]
                },
                {
                    "friendId": 2000004,
                    "friendName": "好友4",
                    "age" : 19,
                    "sex" : 2,
                    "chatContent": [
                        {"id": 123, "chat": "你是谁?"},
                        {"id": 12, "chat": "我是你爹"}
                    ]
                }
            ]
        },
        {
            "id": 9,
            "puid": 1000009,
            "name": "Robot9",
            "age": 26,
            "sex": 2,
            "city": "青岛",
            "profile": "导游",
            "chats": [
                {
                    "friendId": 2000001,
                    "friendName": "好友1",
                    "age" : 19,
                    "sex" : 2,
                    "chatContent": [
                        {"id": 123, "chat": "你是谁?"},
                        {"id": 12, "chat": "我是你爹"}
                    ]
                },
                {
                    "friendId": 2000002,
                    "friendName": "好友2",
                    "age" : 19,
                    "sex" : 2,
                    "chatContent": [
                        {"id": 123, "chat": "你是谁?"},
                        {"id": 12, "chat": "我是你爹"}
                    ]
                },
                {
                    "friendId": 2000003,
                    "friendName": "好友3",
                    "age" : 19,
                    "sex" : 2,
                    "chatContent": [
                        {"id": 123, "chat": "你是谁?"},
                        {"id": 12, "chat": "我是你爹"}
                    ]
                },
                {
                    "friendId": 2000004,
                    "friendName": "好友4",
                    "age" : 19,
                    "sex" : 2,
                    "chatContent": [
                        {"id": 123, "chat": "你是谁?"},
                        {"id": 12, "chat": "我是你爹"}
                    ]
                }
            ]
        },
        {
            "id": 10,
            "puid": 1000010,
            "name": "Robot10",
            "age": 26,
            "sex": 2,
            "city": "青岛",
            "profile": "导游",
            "chats": [
                {
                    "friendId": 2000001,
                    "friendName": "好友1",
                    "age" : 19,
                    "sex" : 2,
                    "chatContent": [
                        {"id": 123, "chat": "你是谁?"},
                        {"id": 12, "chat": "我是你爹"}
                    ]
                },
                {
                    "friendId": 2000002,
                    "friendName": "好友2",
                    "age" : 19,
                    "sex" : 2,
                    "chatContent": [
                        {"id": 123, "chat": "你是谁?"},
                        {"id": 12, "chat": "我是你爹"}
                    ]
                },
                {
                    "friendId": 2000003,
                    "friendName": "好友3",
                    "age" : 19,
                    "sex" : 2,
                    "chatContent": [
                        {"id": 123, "chat": "你是谁?"},
                        {"id": 12, "chat": "我是你爹"}
                    ]
                },
                {
                    "friendId": 2000004,
                    "friendName": "好友4",
                    "age" : 19,
                    "sex" : 2,
                    "chatContent": [
                        {"id": 123, "chat": "你是谁?"},
                        {"id": 12, "chat": "我是你爹"}
                    ]
                }
            ]
        },
        {
            "id": 11,
            "puid": 1000011,
            "name": "Robot11",
            "age": 26,
            "sex": 2,
            "city": "青岛",
            "profile": "导游",
            "chats": [
                {
                    "friendId": 2000001,
                    "friendName": "好友1",
                    "age" : 19,
                    "sex" : 2,
                    "chatContent": [
                        {"id": 123, "chat": "你是谁?"},
                        {"id": 12, "chat": "我是你爹"}
                    ]
                },
                {
                    "friendId": 2000002,
                    "friendName": "好友2",
                    "age" : 19,
                    "sex" : 2,
                    "chatContent": [
                        {"id": 123, "chat": "你是谁?"},
                        {"id": 12, "chat": "我是你爹"}
                    ]
                },
                {
                    "friendId": 2000003,
                    "friendName": "好友3",
                    "age" : 19,
                    "sex" : 2,
                    "chatContent": [
                        {"id": 123, "chat": "你是谁?"},
                        {"id": 12, "chat": "我是你爹"}
                    ]
                },
                {
                    "friendId": 2000004,
                    "friendName": "好友4",
                    "age" : 19,
                    "sex" : 2,
                    "chatContent": [
                        {"id": 123, "chat": "你是谁?"},
                        {"id": 12, "chat": "我是你爹"}
                    ]
                }
            ]
        },
        {
            "id": 12,
            "puid": 1000012,
            "name": "Robot12",
            "age": 26,
            "sex": 2,
            "city": "青岛",
            "profile": "导游",
            "chats": [
                {
                    "friendId": 2000001,
                    "friendName": "好友1",
                    "age" : 19,
                    "sex" : 2,
                    "chatContent": [
                        {"id": 123, "chat": "你是谁?"},
                        {"id": 12, "chat": "我是你爹"}
                    ]
                },
                {
                    "friendId": 2000002,
                    "friendName": "好友2",
                    "age" : 19,
                    "sex" : 2,
                    "chatContent": [
                        {"id": 123, "chat": "你是谁?"},
                        {"id": 12, "chat": "我是你爹"}
                    ]
                },
                {
                    "friendId": 2000003,
                    "friendName": "好友3",
                    "age" : 19,
                    "sex" : 2,
                    "chatContent": [
                        {"id": 123, "chat": "你是谁?"},
                        {"id": 12, "chat": "我是你爹"}
                    ]
                },
                {
                    "friendId": 2000004,
                    "friendName": "好友4",
                    "age" : 19,
                    "sex" : 2,
                    "chatContent": [
                        {"id": 123, "chat": "你是谁?"},
                        {"id": 12, "chat": "我是你爹"}
                    ]
                }
            ]
        }
    ]
}